question,answer,final_answer
This One's for the Children had lead vocals by the singer and songwriter of what nationality?,American,"Restless Heart is an American country music band established in 1984. The band's longest-lasting lineup has consisted of Larry Stewart (lead vocals), John Dittrich (drums, background"
John Paesano wrote which film for DreamWorks Dragons?,Dragons: Riders of Berk,John Paesano wrote the music for the DreamWorks Dragons film.
The board member of Goldman Sachs also founded a company with a man who co-founded what? ,McKinsey's offices,There is not enough information provided to determine the answer to this question.
"On which station did the 2014 South Korean television series, starring the main rapper of boyband SS501, air?",KBS2,"The given passage does not provide information about a 2014 South Korean television series starring the main rapper of boyband SS501. Therefore, it is not possible to determine on which station the series aired."
"WHAT WAS THE NAME OF THE BOOK MADE INTO THE 2015 SOUTH KOREAN CRIME THRILLER, THE DEAL, DIRECTED BY SON YONG-HO AND FEATURING SOUTH KOREAN ACTOR PARK SUNG-WOONG (BORN JANUARY 9, 1973) AS A SERIAL KILLER?","""Murder Request""","To answer your question, ""The Deal"" is a 2015 South Korean crime thriller film that was not based on a book. The film was written and directed by Son Yong-ho and features South Korean actor Park Sung-woong as a serial killer."
What career led Brandon James Routh to move to the city where Brian Ralston lives?,an acting career,"There is no information provided about Brandon James Routh in the given text. Therefore, it is not possible to determine what career led him to move to the city where Brian Ralston lives."
Are Waco Regional Airport and Idaho Falls Regional Airport both city owned airports?  ,yes,"Based on the given information, there is no mention of Waco Regional Airport or Idaho Falls Regional Airport. Therefore, it is not possible to determine if they are both city-owned airports."
"Who commanded the Anglo-Canadian 21st Army Group and was nicknamed ""Monty""?",Bernard Montgomery,"Field Marshal Bernard Montgomery (commonly known as ""Monty"") commanded the Anglo-Canadian 21st Army Group during World War II."
"This English indie pop band formed in 2005 consisting of Oliver Sims, and also inspired My Wicked Heart is from what city?","Wandsworth, London","I'm sorry, but there is not enough information provided to determine the city that the English indie pop band you are referring to is from."
What ingredient is in both Cosmopolitan and Cuba Libre?,lime,"To determine the common ingredient between a Cosmopolitan and a Cuba Libre, we need to analyze the ingredients of each cocktail:

1. Cosmopolitan: 
The ingredients of a Cosmopolitan typically include:
- Vodka
- Cranberry juice
- Lime juice
- Triple sec (orange liqueur)

2. Cuba Libre:
The ingredients of a Cuba Libre (which is a type of rum and coke) typically include:
- White rum
- Coca-Cola
- Lime juice

By comparing the ingredients of both cocktails, we can see that the common ingredient is lime juice."
Which band The Innocence Mission or Starflyer 59 was formed first ?,The Innocence Mission,The Innocence Mission was formed first.
"Which brother of John F. Kennedy had a memoir released September 14, 2009?",Ted Kennedy,"Robert F. Kennedy, the younger brother of John F. Kennedy, had a memoir titled ""True Compass"" released on September 14, 2009."
What river does Waterloo Bridge and London Eye have in common?,Thames,Waterloo Bridge and London Eye both have the River Thames in common.
Whataburger in Richardson Square is loacted in what city and state?,"Richardson, Texas","Whataburger in Richardson Square is located in Richardson, Texas."
"Which breed, Chinese Chongqing Dog or Kanni, is used for hunting?",Kanni,"Both the Chinese Chongqing Dog and the Kanni breed are used for hunting purposes, although they have different hunting specialties.

Chinese Chongqing Dog:
1. The Chinese Chongqing Dog is known for its hunting abilities and is primarily used for hunting small game such as rabbits, rats, and birds.
2. This breed is native to China and has a strong prey drive, high energy levels, and excellent agility, which make it well-suited for hunting tasks.
3. The Chinese Chongqing Dog is known for its strong work ethic and determination in tracking and flushing out game.

Kanni:
1. The Kanni breed, also known as the Maiden's Beastmaster, is a sighthound breed native to South India.
2. Kanni dogs are primarily used for hunting large game, such as boars and deer. They are known for their exceptional speed, agility, and keen eyesight.
3. These dogs have a unique hunting technique where they use their sight to chase and bring down their prey.

In summary, both the Chinese Chongqing Dog and Kanni breed have hunting instincts and abilities, but they specialize in hunting different types of game. The Chinese Chongqing Dog is used for hunting small game, while the Kanni is used for hunting larger game."
How many Grands Prix wins did the Formula One driver from Brazil that holds the record for the most races contested score?,11,"The passage provided does not contain any information about a Formula One driver from Brazil or their Grand Prix wins. Therefore, it is not possible to determine the number of Grand Prix wins for this particular driver."
Which was the last of four Alien films to feature Sigourney Weaver?,Alien Resurrection,"The last of the four Alien films to feature Sigourney Weaver is ""Alien: Resurrection""."
Which Genre of Television did Charles Quinton Murphy act for?,Comedy,Charles Quinton Murphy acted in the genre of comedy television.
The memorial commemorating a 1941 Japanese surprise attack was designed by whom?,Alfred Preis,The passage does not provide any information about a memorial commemorating a 1941 Japanese surprise attack or who designed it.
"Who is older, Gabe Saporta or John S. Hall?",John S. Hall,John S. Hall is older than Gabe Saporta.
Where was the Danger Mouse produced U2 album exclusively released? ,iTunes,"Land of the Free is the fourth studio album by German power metal band Gamma Ray, released in 1995."
What award has both Nicole Kidman and Tom Cuise been given?,Golden Globe Award,Nicole Kidman and Tom Cruise were both awarded the Golden Globe Award.
"The American comedy film Krystal stars which actor who appeared in numerous films such as ""Contact"", ""Armageddon"", ""The Perfect Storm"", ""Crash"", ""Blades of Glory"", ""Black Hawk Down"", ""Nine Lives"", etc.?",William Fichtner,"The actor who stars in the American comedy film Krystal and has appeared in numerous films such as ""Contact"", ""Armageddon"", ""The Perfect Storm"", ""Crash"", ""Blades of Glory"", ""Black Hawk Down"", ""Nine Lives"", etc. is William Fichtner."
What is the start date of this tour that was the third concert tour by an American singer-songwriter and was completed in support of the album Red?,"March 13, 2013",The passage does not provide information about the start date of the tour.
What year did The Chronicle of Philanthropy's publishing overlap with Antic?,1988,"The given text does not mention anything about The Chronicle of Philanthropy's publishing overlapping with Antic. Therefore, it is not possible to determine the year."
"Which American BMX rider hosted a show that spun off from ""Real World"" and ""Road Rules""?",T. J. Lavin,"1. The American BMX rider who hosted a show spun off from ""Real World"" and ""Road Rules"" is T. J. Lavin.
2. T. J. Lavin is a professional BMX rider from the United States.
3. He gained popularity as the host of the MTV reality show ""The Challenge,"" which originated as a spin-off from the reality shows ""Real World"" and ""Road Rules.""
4. ""The Challenge"" features former contestants from ""Real World"" and ""Road Rules"" competing against each other in various physical and mental challenges.
5. T. J. Lavin has been hosting the show since its 11th season in 2005, making him one of the longest-standing hosts in reality television."
"What novella was ""Eyes Wide Shut,"" starring Vinessa Elizabeth Shaw, based on?","""Traumnovelle"" (""Dream Story"")","""Eyes Wide Shut"" is not based on a novella. It is a 1999 erotic mystery-drama film directed by Stanley Kubrick, starring Tom Cruise and Nicole Kidman. The film is actually based on the 1926 novella ""Dream Story"" (Traumnovelle) written by Austrian author Arthur Schnitzler."
What award was an actor born in 1955 that acted in the movie Ransom nominated for?,Academy Award,"To determine the award that an actor born in 1955, who acted in the movie Ransom, was nominated for, we need more specific information about the actor's name. Please provide the name of the actor, and I will be able to assist you further."
when was Quiet in Heaven/Song of Liberty recorded?,Before settling on their current name in 1982,Quiet in Heaven/Song of Liberty was recorded by Venus Mars Project in 2015.
In what year was the soft drink that the Coca-Cola Company designed Red Flash to compete against created?,1937,"""Red Flash"" was created by the Coca-Cola Company to compete against the soft drink ""Dr Pepper"". Dr Pepper was created in the year 1885."
